{"Dates":[45351.801885127315,45352.0,45354.68774259259,45375.0],"Weights":[24.0,34.0,434.0,34234.0]}